{"cameraMode":{"drawMode":0,"name":"Shaded","section":"Shading Mode"},"sceneLighting":true,"audioPlay":false,"sceneViewState":{"m_AlwaysRefresh":false,"showFog":true,"showSkybox":true,"showFlares":true,"showImageEffects":true,"showParticleSystems":true,"showVisualEffectGraphs":true,"m_FxEnabled":true},"in2DMode":false,"pivot":{"x":-1.049886703491211,"y":0.48204922676086428,"z":1.1128053665161133},"rotation":{"x":0.20163992047309876,"y":-0.09474271535873413,"z":0.019593320786952974,"w":0.9746800661087036},"size":3.7162301540374758,"orthographic":false}